_id,Avg,MinAge,MaxAge,MaxSalary,MinSalary,AvgSalary
Female,25,21,29,8799,509,5020.846153846154
Male,25.666666666666668,22,30,9759,1260,5252.416666666667
